plataforma,total_impressoes,taxa_engajamento_real,engajamento_real
Instagram,117664271,13.26811,15611827
Reddit,116488833,13.26462,15451799
Facebook,121027500,12.98912,15720405
YouTube,122988419,12.97309,15955395
Twitter,119567039,12.97308,15511533
